state,city,pincode,status,stock,effective_price,marked_price,delivery_min,delivery_max,cod_available,store_name,message
Andaman and Nicobar Islands,Port Blair,744101,OUT_OF_STOCK,0,,,,,False,,Out of Stock
Andhra Pradesh,Guntur,522001,OUT_OF_STOCK,0,,,,,False,,Out of Stock
Andhra Pradesh,Kurnool,518001,OUT_OF_STOCK,0,,,,,False,,Out of Stock
Andhra Pradesh,Tirupati,517501,OUT_OF_STOCK,0,,,,,False,,Out of Stock
Andhra Pradesh,Vijayawada,520001,OUT_OF_STOCK,0,,,,,False,,Out of Stock
Andhra Pradesh,Visakhapatnam,530001,OUT_OF_STOCK,0,,,,,False,,Out of Stock
Arunachal Pradesh,Itanagar,791111,OUT_OF_STOCK,0,,,,,False,,Out of Stock
Arunachal Pradesh,Naharlagun,791110,OUT_OF_STOCK,0,,,,,False,,Out of Stock
Arunachal Pradesh,Pasighat,791102,OUT_OF_STOCK,0,,,,,False,,Out of Stock
Assam,Dibrugarh,786001,OUT_OF_STOCK,0,,,,,False,,Out of Stock
Assam,Guwahati,781001,OUT_OF_STOCK,0,,,,,False,,Out of Stock
Assam,Jorhat,785001,OUT_OF_STOCK,0,,,,,False,,Out of Stock
Assam,Silchar,788001,OUT_OF_STOCK,0,,,,,False,,Out of Stock
Assam,Tezpur,784001,OUT_OF_STOCK,0,,,,,False,,Out of Stock
Bihar,Bhagalpur,812001,OUT_OF_STOCK,0,,,,,False,,Out of Stock
Bihar,Darbhanga,846004,OUT_OF_STOCK,0,,,,,False,,Out of Stock
Bihar,Gaya,823001,OUT_OF_STOCK,0,,,,,False,,Out of Stock
Bihar,Muzaffarpur,842001,OUT_OF_STOCK,0,,,,,False,,Out of Stock
Bihar,Patna,800001,OUT_OF_STOCK,0,,,,,False,,Out of Stock
Chandigarh,Chandigarh,160017,OUT_OF_STOCK,0,,,,,False,,Out of Stock
Chhattisgarh,Bhilai / Durg,490006,OUT_OF_STOCK,0,,,,,False,,Out of Stock
Chhattisgarh,Bilaspur,495001,OUT_OF_STOCK,0,,,,,False,,Out of Stock
Chhattisgarh,Korba,495677,OUT_OF_STOCK,0,,,,,False,,Out of Stock
Chhattisgarh,Raipur,492001,OUT_OF_STOCK,0,,,,,False,,Out of Stock
Dadra and Nagar Haveli and Daman and Diu,Daman,396210,OUT_OF_STOCK,0,,,,,False,,Out of Stock
Dadra and Nagar Haveli and Daman and Diu,Diu,362520,OUT_OF_STOCK,0,,,,,False,,Out of Stock
Dadra and Nagar Haveli and Daman and Diu,Silvassa,396230,OUT_OF_STOCK,0,,,,,False,,Out of Stock
Delhi,East Delhi,110092,OUT_OF_STOCK,0,,,,,False,,Out of Stock
Delhi,New Delhi (Central),110001,OUT_OF_STOCK,0,,,,,False,,Out of Stock
Delhi,North Delhi,110007,OUT_OF_STOCK,0,,,,,False,,Out of Stock
Delhi,South Delhi,110017,OUT_OF_STOCK,0,,,,,False,,Out of Stock
Goa,Mapusa,403507,OUT_OF_STOCK,0,,,,,False,,Out of Stock
Goa,Margao,403601,OUT_OF_STOCK,0,,,,,False,,Out of Stock
Goa,Panaji,403001,OUT_OF_STOCK,0,,,,,False,,Out of Stock
Goa,Vasco da Gama,403802,OUT_OF_STOCK,0,,,,,False,,Out of Stock
Gujarat,Ahmedabad,380001,OUT_OF_STOCK,0,,,,,False,,Out of Stock
Gujarat,Bhavnagar,364001,OUT_OF_STOCK,0,,,,,False,,Out of Stock
Gujarat,Gandhinagar,382010,OUT_OF_STOCK,0,,,,,False,,Out of Stock
Gujarat,Rajkot,360001,OUT_OF_STOCK,0,,,,,False,,Out of Stock
Gujarat,Surat,395001,OUT_OF_STOCK,0,,,,,False,,Out of Stock
Gujarat,Vadodara,390001,OUT_OF_STOCK,0,,,,,False,,Out of Stock
Haryana,Ambala,134003,OUT_OF_STOCK,0,,,,,False,,Out of Stock
Haryana,Faridabad,121001,OUT_OF_STOCK,0,,,,,False,,Out of Stock
Haryana,Gurugram,122001,OUT_OF_STOCK,0,,,,,False,,Out of Stock
Haryana,Karnal,132001,OUT_OF_STOCK,0,,,,,False,,Out of Stock
Haryana,Panipat,132103,OUT_OF_STOCK,0,,,,,False,,Out of Stock
Haryana,Rohtak,124001,OUT_OF_STOCK,0,,,,,False,,Out of Stock
Himachal Pradesh,Dharamshala,176215,OUT_OF_STOCK,0,,,,,False,,Out of Stock
Himachal Pradesh,Kullu,175101,OUT_OF_STOCK,0,,,,,False,,Out of Stock
Himachal Pradesh,Mandi,175001,OUT_OF_STOCK,0,,,,,False,,Out of Stock
Himachal Pradesh,Shimla,171001,OUT_OF_STOCK,0,,,,,False,,Out of Stock
Himachal Pradesh,Solan,173212,OUT_OF_STOCK,0,,,,,False,,Out of Stock
Jammu and Kashmir,Anantnag,192101,OUT_OF_STOCK,0,,,,,False,,Out of Stock
Jammu and Kashmir,Jammu,180001,OUT_OF_STOCK,0,,,,,False,,Out of Stock
Jammu and Kashmir,Srinagar,190001,OUT_OF_STOCK,0,,,,,False,,Out of Stock
Jharkhand,Bokaro,827001,OUT_OF_STOCK,0,,,,,False,,Out of Stock
Jharkhand,Deoghar,814112,OUT_OF_STOCK,0,,,,,False,,Out of Stock
Jharkhand,Dhanbad,826001,OUT_OF_STOCK,0,,,,,False,,Out of Stock
Jharkhand,Jamshedpur,831001,OUT_OF_STOCK,0,,,,,False,,Out of Stock
Jharkhand,Ranchi,834001,OUT_OF_STOCK,0,,,,,False,,Out of Stock
Karnataka,Belagavi,590001,OUT_OF_STOCK,0,,,,,False,,Out of Stock
Karnataka,Bengaluru,560001,OUT_OF_STOCK,0,,,,,False,,Out of Stock
Karnataka,Hubballi,580020,OUT_OF_STOCK,0,,,,,False,,Out of Stock
Karnataka,Mangaluru,575001,OUT_OF_STOCK,0,,,,,False,,Out of Stock
Karnataka,Mysuru,570001,OUT_OF_STOCK,0,,,,,False,,Out of Stock
Kerala,Kochi,682001,OUT_OF_STOCK,0,,,,,False,,Out of Stock
Kerala,Kollam,691001,OUT_OF_STOCK,0,,,,,False,,Out of Stock
Kerala,Kozhikode,673001,OUT_OF_STOCK,0,,,,,False,,Out of Stock
Kerala,Thiruvananthapuram,695001,OUT_OF_STOCK,0,,,,,False,,Out of Stock
Kerala,Thrissur,680001,OUT_OF_STOCK,0,,,,,False,,Out of Stock
Ladakh,Kargil,194103,OUT_OF_STOCK,0,,,,,False,,Out of Stock
Ladakh,Leh,194101,OUT_OF_STOCK,0,,,,,False,,Out of Stock
Lakshadweep,Agatti,682553,OUT_OF_STOCK,0,,,,,False,,Out of Stock
Lakshadweep,Kavaratti,682555,OUT_OF_STOCK,0,,,,,False,,Out of Stock
Madhya Pradesh,Bhopal,462001,OUT_OF_STOCK,0,,,,,False,,Out of Stock
Madhya Pradesh,Gwalior,474001,OUT_OF_STOCK,0,,,,,False,,Out of Stock
Madhya Pradesh,Indore,452001,OUT_OF_STOCK,0,,,,,False,,Out of Stock
Madhya Pradesh,Jabalpur,482001,OUT_OF_STOCK,0,,,,,False,,Out of Stock
Madhya Pradesh,Ujjain,456001,OUT_OF_STOCK,0,,,,,False,,Out of Stock
Maharashtra,Chhatrapati Sambhajinagar,431001,OUT_OF_STOCK,0,,,,,False,,Out of Stock
Maharashtra,Mumbai,400001,OUT_OF_STOCK,0,,,,,False,,Out of Stock
Maharashtra,Nagpur,440001,OUT_OF_STOCK,0,,,,,False,,Out of Stock
Maharashtra,Nashik,422001,OUT_OF_STOCK,0,,,,,False,,Out of Stock
Maharashtra,Pune,411001,OUT_OF_STOCK,0,,,,,False,,Out of Stock
Maharashtra,Thane,400601,OUT_OF_STOCK,0,,,,,False,,Out of Stock
Manipur,Churachandpur,795128,OUT_OF_STOCK,0,,,,,False,,Out of Stock
Manipur,Imphal,795001,OUT_OF_STOCK,0,,,,,False,,Out of Stock
Manipur,Thoubal,795138,OUT_OF_STOCK,0,,,,,False,,Out of Stock
Meghalaya,Jowai,793150,OUT_OF_STOCK,0,,,,,False,,Out of Stock
Meghalaya,Shillong,793001,OUT_OF_STOCK,0,,,,,False,,Out of Stock
Meghalaya,Tura,794001,OUT_OF_STOCK,0,,,,,False,,Out of Stock
Mizoram,Aizawl,796001,OUT_OF_STOCK,0,,,,,False,,Out of Stock
Mizoram,Champhai,796321,OUT_OF_STOCK,0,,,,,False,,Out of Stock
Mizoram,Lunglei,796701,OUT_OF_STOCK,0,,,,,False,,Out of Stock
Nagaland,Dimapur,797112,OUT_OF_STOCK,0,,,,,False,,Out of Stock
Nagaland,Kohima,797001,OUT_OF_STOCK,0,,,,,False,,Out of Stock
Nagaland,Mokokchung,798601,OUT_OF_STOCK,0,,,,,False,,Out of Stock
Odisha,Bhubaneswar,751001,OUT_OF_STOCK,0,,,,,False,,Out of Stock
Odisha,Cuttack,753001,OUT_OF_STOCK,0,,,,,False,,Out of Stock
Odisha,Puri,752001,OUT_OF_STOCK,0,,,,,False,,Out of Stock
Odisha,Rourkela,769001,OUT_OF_STOCK,0,,,,,False,,Out of Stock
Odisha,Sambalpur,768001,OUT_OF_STOCK,0,,,,,False,,Out of Stock
Puducherry,Karaikal,609602,OUT_OF_STOCK,0,,,,,False,,Out of Stock
Puducherry,Puducherry,605001,OUT_OF_STOCK,0,,,,,False,,Out of Stock
Punjab,Amritsar,143001,OUT_OF_STOCK,0,,,,,False,,Out of Stock
Punjab,Bathinda,151001,OUT_OF_STOCK,0,,,,,False,,Out of Stock
Punjab,Jalandhar,144001,OUT_OF_STOCK,0,,,,,False,,Out of Stock
Punjab,Ludhiana,141001,OUT_OF_STOCK,0,,,,,False,,Out of Stock
Punjab,Patiala,147001,OUT_OF_STOCK,0,,,,,False,,Out of Stock
Rajasthan,Ajmer,305001,OUT_OF_STOCK,0,,,,,False,,Out of Stock
Rajasthan,Bikaner,334001,OUT_OF_STOCK,0,,,,,False,,Out of Stock
Rajasthan,Jaipur,302001,OUT_OF_STOCK,0,,,,,False,,Out of Stock
Rajasthan,Jodhpur,342001,OUT_OF_STOCK,0,,,,,False,,Out of Stock
Rajasthan,Kota,324001,OUT_OF_STOCK,0,,,,,False,,Out of Stock
Rajasthan,Udaipur,313001,OUT_OF_STOCK,0,,,,,False,,Out of Stock
Sikkim,Gangtok,737101,OUT_OF_STOCK,0,,,,,False,,Out of Stock
Sikkim,Geyzing,737111,OUT_OF_STOCK,0,,,,,False,,Out of Stock
Sikkim,Namchi,737126,OUT_OF_STOCK,0,,,,,False,,Out of Stock
Tamil Nadu,Chennai,600001,OUT_OF_STOCK,0,,,,,False,,Out of Stock
Tamil Nadu,Coimbatore,641001,OUT_OF_STOCK,0,,,,,False,,Out of Stock
Tamil Nadu,Madurai,625001,OUT_OF_STOCK,0,,,,,False,,Out of Stock
Tamil Nadu,Salem,636001,OUT_OF_STOCK,0,,,,,False,,Out of Stock
Tamil Nadu,Tiruchirappalli,620001,OUT_OF_STOCK,0,,,,,False,,Out of Stock
Telangana,Hyderabad,500001,OUT_OF_STOCK,0,,,,,False,,Out of Stock
Telangana,Karimnagar,505001,OUT_OF_STOCK,0,,,,,False,,Out of Stock
Telangana,Khammam,507001,OUT_OF_STOCK,0,,,,,False,,Out of Stock
Telangana,Nizamabad,503001,OUT_OF_STOCK,0,,,,,False,,Out of Stock
Telangana,Warangal,506001,OUT_OF_STOCK,0,,,,,False,,Out of Stock
Tripura,Agartala,799001,OUT_OF_STOCK,0,,,,,False,,Out of Stock
Tripura,Dharmanagar,799250,OUT_OF_STOCK,0,,,,,False,,Out of Stock
Tripura,Udaipur,799120,OUT_OF_STOCK,0,,,,,False,,Out of Stock
Uttar Pradesh,Agra,282001,OUT_OF_STOCK,0,,,,,False,,Out of Stock
Uttar Pradesh,Ghaziabad,201001,OUT_OF_STOCK,0,,,,,False,,Out of Stock
Uttar Pradesh,Kanpur,208001,OUT_OF_STOCK,0,,,,,False,,Out of Stock
Uttar Pradesh,Lucknow,226001,OUT_OF_STOCK,0,,,,,False,,Out of Stock
Uttar Pradesh,Meerut,250001,OUT_OF_STOCK,0,,,,,False,,Out of Stock
Uttar Pradesh,Noida,201301,OUT_OF_STOCK,0,,,,,False,,Out of Stock
Uttar Pradesh,Prayagraj,211001,OUT_OF_STOCK,0,,,,,False,,Out of Stock
Uttar Pradesh,Varanasi,221001,OUT_OF_STOCK,0,,,,,False,,Out of Stock
Uttarakhand,Dehradun,248001,OUT_OF_STOCK,0,,,,,False,,Out of Stock
Uttarakhand,Haldwani,263139,OUT_OF_STOCK,0,,,,,False,,Out of Stock
Uttarakhand,Haridwar,249401,OUT_OF_STOCK,0,,,,,False,,Out of Stock
Uttarakhand,Nainital,263001,OUT_OF_STOCK,0,,,,,False,,Out of Stock
Uttarakhand,Roorkee,247667,OUT_OF_STOCK,0,,,,,False,,Out of Stock
West Bengal,Asansol,713301,OUT_OF_STOCK,0,,,,,False,,Out of Stock
West Bengal,Durgapur,713201,OUT_OF_STOCK,0,,,,,False,,Out of Stock
West Bengal,Howrah,711101,OUT_OF_STOCK,0,,,,,False,,Out of Stock
West Bengal,Kolkata,700001,OUT_OF_STOCK,0,,,,,False,,Out of Stock
West Bengal,Siliguri,734001,OUT_OF_STOCK,0,,,,,False,,Out of Stock
